<?xml version="1.0" encoding="UTF-8" standalone="yes"?>
<geozoneType id="2257" ver="2">
    <uuid>93ee4c04-3cda-4998-bd3c-0a15b62c1fa7</uuid>
    <name>100A</name>
    <type>Polygon</type>
    <color>#ffff97</color>
    <transparency>50</transparency>
    <allowed-speed>15.0</allowed-speed>
    <use-as-address>false</use-as-address>
    <enable-speed-monitoring>false</enable-speed-monitoring>
    <status>1</status>
    <geozone-root-id>1</geozone-root-id>
    <geometry type="1">
        <point x="37.430452" y="55.98054"/>
        <point x="37.430704" y="55.980008"/>
        <point x="37.42991" y="55.9799"/>
        <point x="37.429664" y="55.980426"/>
        <point x="37.430452" y="55.98054"/>
    </geometry>
</geozoneType>
