<?xml version="1.0" encoding="UTF-8" standalone="yes"?>
<geozoneType id="2260" ver="2">
    <uuid>ea1f2601-8b32-4152-88e6-70c559a23d1b</uuid>
    <name>103</name>
    <type>Polygon</type>
    <color>#f8fe88</color>
    <transparency>50</transparency>
    <allowed-speed>15.0</allowed-speed>
    <use-as-address>false</use-as-address>
    <enable-speed-monitoring>false</enable-speed-monitoring>
    <status>1</status>
    <geozone-root-id>1</geozone-root-id>
    <geometry type="1">
        <point x="37.428108" y="55.980173"/>
        <point x="37.428344" y="55.97966"/>
        <point x="37.427797" y="55.979581"/>
        <point x="37.427598" y="55.979966"/>
        <point x="37.427598" y="55.980098"/>
        <point x="37.427834" y="55.980137"/>
        <point x="37.428108" y="55.980173"/>
    </geometry>
</geozoneType>
