<?xml version="1.0" encoding="UTF-8" standalone="yes"?>
<geozoneType id="2262" ver="2">
    <uuid>b1dd1656-a255-4d2e-b56c-2fca130712df</uuid>
    <name>105E</name>
    <type>Polygon</type>
    <color>#fdff74</color>
    <transparency>50</transparency>
    <allowed-speed>15.0</allowed-speed>
    <use-as-address>false</use-as-address>
    <enable-speed-monitoring>false</enable-speed-monitoring>
    <status>1</status>
    <geozone-root-id>1</geozone-root-id>
    <geometry type="1">
        <point x="37.421338" y="55.978478"/>
        <point x="37.422577" y="55.978658"/>
        <point x="37.422604" y="55.978493"/>
        <point x="37.422577" y="55.978427"/>
        <point x="37.422523" y="55.978358"/>
        <point x="37.421483" y="55.97819"/>
        <point x="37.421338" y="55.978478"/>
    </geometry>
</geozoneType>
