<?xml version="1.0" encoding="UTF-8" standalone="yes"?>
<geozoneType id="2266" ver="2">
    <uuid>1e8e7413-5aad-4088-b695-9c7d901fc87f</uuid>
    <name>108</name>
    <type>Polygon</type>
    <color>#fffc78</color>
    <transparency>50</transparency>
    <allowed-speed>15.0</allowed-speed>
    <use-as-address>false</use-as-address>
    <enable-speed-monitoring>false</enable-speed-monitoring>
    <status>1</status>
    <geozone-root-id>1</geozone-root-id>
    <geometry type="1">
        <point x="37.420598" y="55.980059"/>
        <point x="37.421842" y="55.980248"/>
        <point x="37.421928" y="55.980065"/>
        <point x="37.420689" y="55.979885"/>
        <point x="37.420598" y="55.980059"/>
    </geometry>
</geozoneType>
