<?xml version="1.0" encoding="UTF-8" standalone="yes"?>
<geozoneType id="2268" ver="2">
    <uuid>fc7d370c-cd2d-473e-9f62-c69364294906</uuid>
    <name>110</name>
    <type>Polygon</type>
    <color>#feed70</color>
    <transparency>50</transparency>
    <allowed-speed>15.0</allowed-speed>
    <use-as-address>false</use-as-address>
    <enable-speed-monitoring>false</enable-speed-monitoring>
    <status>1</status>
    <geozone-root-id>1</geozone-root-id>
    <geometry type="1">
        <point x="37.420383" y="55.980506"/>
        <point x="37.421633" y="55.980695"/>
        <point x="37.421735" y="55.980486"/>
        <point x="37.42048" y="55.980294"/>
        <point x="37.420383" y="55.980506"/>
    </geometry>
</geozoneType>
