<?xml version="1.0" encoding="UTF-8" standalone="yes"?>
<geozoneType id="2269" ver="2">
    <uuid>b992c574-bcb0-4d87-a10d-c0c72b0277e5</uuid>
    <name>111</name>
    <type>Polygon</type>
    <color>#fdf58d</color>
    <transparency>50</transparency>
    <allowed-speed>15.0</allowed-speed>
    <use-as-address>false</use-as-address>
    <enable-speed-monitoring>false</enable-speed-monitoring>
    <status>1</status>
    <geozone-root-id>1</geozone-root-id>
    <geometry type="1">
        <point x="37.420238" y="55.980794"/>
        <point x="37.421472" y="55.980986"/>
        <point x="37.421622" y="55.980711"/>
        <point x="37.420372" y="55.980519"/>
        <point x="37.420238" y="55.980794"/>
    </geometry>
</geozoneType>
