<?xml version="1.0" encoding="UTF-8" standalone="yes"?>
<geozoneType id="2272" ver="2">
    <uuid>cbb78c90-4af7-4ac7-80aa-6d8f4f98f3f5</uuid>
    <name>113</name>
    <type>Polygon</type>
    <color>#feffaf</color>
    <transparency>50</transparency>
    <allowed-speed>15.0</allowed-speed>
    <use-as-address>false</use-as-address>
    <enable-speed-monitoring>false</enable-speed-monitoring>
    <status>1</status>
    <geozone-root-id>1</geozone-root-id>
    <geometry type="1">
        <point x="37.417186" y="55.981113"/>
        <point x="37.417105" y="55.980984"/>
        <point x="37.417256" y="55.980684"/>
        <point x="37.418522" y="55.980915"/>
        <point x="37.418339" y="55.98129"/>
        <point x="37.417738" y="55.981209"/>
        <point x="37.417186" y="55.981113"/>
    </geometry>
</geozoneType>
