<?xml version="1.0" encoding="UTF-8" standalone="yes"?>
<geozoneType id="2274" ver="2">
    <uuid>d452c00f-7890-47fc-8f9e-e896f4ce6ed6</uuid>
    <name>115</name>
    <type>Polygon</type>
    <color>#f3f66e</color>
    <transparency>50</transparency>
    <allowed-speed>15.0</allowed-speed>
    <use-as-address>false</use-as-address>
    <enable-speed-monitoring>false</enable-speed-monitoring>
    <status>1</status>
    <geozone-root-id>1</geozone-root-id>
    <geometry type="1">
        <point x="37.417325" y="55.980378"/>
        <point x="37.418666" y="55.980603"/>
        <point x="37.418865" y="55.980149"/>
        <point x="37.418243" y="55.980059"/>
        <point x="37.417497" y="55.979933"/>
        <point x="37.417438" y="55.980134"/>
        <point x="37.417325" y="55.980378"/>
    </geometry>
</geozoneType>
