<?xml version="1.0" encoding="UTF-8" standalone="yes"?>
<geozoneType id="2277" ver="2">
    <uuid>c163d1d1-20a1-4173-ad58-b6b2af4b945c</uuid>
    <name>118</name>
    <type>Polygon</type>
    <color>#fdff8b</color>
    <transparency>50</transparency>
    <allowed-speed>15.0</allowed-speed>
    <use-as-address>false</use-as-address>
    <enable-speed-monitoring>false</enable-speed-monitoring>
    <status>1</status>
    <geozone-root-id>1</geozone-root-id>
    <geometry type="1">
        <point x="37.419208" y="55.979471"/>
        <point x="37.418784" y="55.979408"/>
        <point x="37.418334" y="55.979342"/>
        <point x="37.417958" y="55.979291"/>
        <point x="37.41813" y="55.978934"/>
        <point x="37.418704" y="55.979021"/>
        <point x="37.41938" y="55.979117"/>
        <point x="37.419208" y="55.979471"/>
    </geometry>
</geozoneType>
