<?xml version="1.0" encoding="UTF-8" standalone="yes"?>
<geozoneType id="2290" ver="2">
    <uuid>fa7a3442-202c-4c44-a58b-a0dcd66805a5</uuid>
    <name>131</name>
    <type>Polygon</type>
    <color>#ffff76</color>
    <transparency>50</transparency>
    <allowed-speed>15.0</allowed-speed>
    <use-as-address>false</use-as-address>
    <enable-speed-monitoring>false</enable-speed-monitoring>
    <status>1</status>
    <geozone-root-id>1</geozone-root-id>
    <geometry type="1">
        <point x="37.414772" y="55.980438"/>
        <point x="37.41622" y="55.980633"/>
        <point x="37.416097" y="55.980939"/>
        <point x="37.414734" y="55.980753"/>
        <point x="37.414772" y="55.980438"/>
    </geometry>
</geozoneType>
