<?xml version="1.0" encoding="UTF-8" standalone="yes"?>
<geozoneType id="2151" ver="2">
    <uuid>70769951-5685-466e-8f50-a659191df432</uuid>
    <name>15</name>
    <type>Polygon</type>
    <color>#fcf079</color>
    <transparency>50</transparency>
    <allowed-speed>15.0</allowed-speed>
    <use-as-address>false</use-as-address>
    <enable-speed-monitoring>false</enable-speed-monitoring>
    <status>1</status>
    <geozone-root-id>1</geozone-root-id>
    <geometry type="1">
        <point x="37.40187" y="55.962585"/>
        <point x="37.401474" y="55.963384"/>
        <point x="37.402096" y="55.963483"/>
        <point x="37.402559" y="55.962687"/>
        <point x="37.40187" y="55.962585"/>
    </geometry>
</geozoneType>
