<?xml version="1.0" encoding="UTF-8" standalone="yes"?>
<geozoneType id="2297" ver="2">
    <uuid>def8d1d8-0183-4672-87f8-8a69be9001fe</uuid>
    <name>169</name>
    <type>Polygon</type>
    <color>#fffb9c</color>
    <transparency>50</transparency>
    <allowed-speed>15.0</allowed-speed>
    <use-as-address>false</use-as-address>
    <enable-speed-monitoring>false</enable-speed-monitoring>
    <status>1</status>
    <geozone-root-id>1</geozone-root-id>
    <geometry type="1">
        <point x="37.402042" y="55.978079"/>
        <point x="37.402697" y="55.978172"/>
        <point x="37.402852" y="55.977796"/>
        <point x="37.402219" y="55.977721"/>
        <point x="37.402042" y="55.978079"/>
    </geometry>
</geozoneType>
