<?xml version="1.0" encoding="UTF-8" standalone="yes"?>
<geozoneType id="2299" ver="2">
    <uuid>760ea25d-e026-4f02-9074-8437ef4fdc84</uuid>
    <name>171</name>
    <type>Polygon</type>
    <color>#fefc85</color>
    <transparency>50</transparency>
    <allowed-speed>15.0</allowed-speed>
    <use-as-address>false</use-as-address>
    <enable-speed-monitoring>false</enable-speed-monitoring>
    <status>1</status>
    <geozone-root-id>1</geozone-root-id>
    <geometry type="1">
        <point x="37.400701" y="55.977874"/>
        <point x="37.400873" y="55.977517"/>
        <point x="37.401522" y="55.977604"/>
        <point x="37.401339" y="55.977964"/>
        <point x="37.400701" y="55.977874"/>
    </geometry>
</geozoneType>
