<?xml version="1.0" encoding="UTF-8" standalone="yes"?>
<geozoneType id="2303" ver="2">
    <uuid>ebe54035-4df1-460a-9d7c-0ced97f4bf65</uuid>
    <name>175</name>
    <type>Polygon</type>
    <color>#fbff9c</color>
    <transparency>50</transparency>
    <allowed-speed>15.0</allowed-speed>
    <use-as-address>false</use-as-address>
    <enable-speed-monitoring>false</enable-speed-monitoring>
    <status>1</status>
    <geozone-root-id>1</geozone-root-id>
    <geometry type="1">
        <point x="37.398818" y="55.97722"/>
        <point x="37.398684" y="55.977559"/>
        <point x="37.398013" y="55.977466"/>
        <point x="37.398164" y="55.977118"/>
        <point x="37.398818" y="55.97722"/>
    </geometry>
</geozoneType>
