<?xml version="1.0" encoding="UTF-8" standalone="yes"?>
<geozoneType id="2305" ver="2">
    <uuid>73c83515-c0fc-4aa2-9539-e487a68b875a</uuid>
    <name>177</name>
    <type>Polygon</type>
    <color>#fbfc70</color>
    <transparency>50</transparency>
    <allowed-speed>15.0</allowed-speed>
    <use-as-address>false</use-as-address>
    <enable-speed-monitoring>false</enable-speed-monitoring>
    <status>1</status>
    <geozone-root-id>1</geozone-root-id>
    <geometry type="1">
        <point x="37.402799" y="55.977208"/>
        <point x="37.402654" y="55.977586"/>
        <point x="37.401704" y="55.977454"/>
        <point x="37.401865" y="55.977079"/>
        <point x="37.402799" y="55.977208"/>
    </geometry>
</geozoneType>
