<?xml version="1.0" encoding="UTF-8" standalone="yes"?>
<geozoneType id="2318" ver="2">
    <uuid>d5f4a2fb-d77a-4c38-8acc-09f71b7fd723</uuid>
    <name>191</name>
    <type>Polygon</type>
    <color>#fef873</color>
    <transparency>50</transparency>
    <allowed-speed>15.0</allowed-speed>
    <use-as-address>false</use-as-address>
    <enable-speed-monitoring>false</enable-speed-monitoring>
    <status>1</status>
    <geozone-root-id>1</geozone-root-id>
    <geometry type="1">
        <point x="37.395798" y="55.975389"/>
        <point x="37.396801" y="55.975536"/>
        <point x="37.396581" y="55.976001"/>
        <point x="37.395567" y="55.975845"/>
        <point x="37.395798" y="55.975389"/>
    </geometry>
</geozoneType>
