<?xml version="1.0" encoding="UTF-8" standalone="yes"?>
<geozoneType id="2156" ver="2">
    <uuid>85606b52-ef3d-41a2-b80a-aa918e4798f4</uuid>
    <name>20</name>
    <type>Polygon</type>
    <color>#fef999</color>
    <transparency>50</transparency>
    <allowed-speed>15.0</allowed-speed>
    <use-as-address>false</use-as-address>
    <enable-speed-monitoring>false</enable-speed-monitoring>
    <status>1</status>
    <geozone-root-id>1</geozone-root-id>
    <geometry type="1">
        <point x="37.403346" y="55.964379"/>
        <point x="37.403309" y="55.96451"/>
        <point x="37.404553" y="55.96469"/>
        <point x="37.404719" y="55.964344"/>
        <point x="37.403341" y="55.96424"/>
        <point x="37.403346" y="55.964379"/>
    </geometry>
</geozoneType>
