<?xml version="1.0" encoding="UTF-8" standalone="yes"?>
<geozoneType id="2327" ver="2">
    <uuid>17055f9c-9156-4b94-8bea-02c561dfce26</uuid>
    <name>200A</name>
    <type>Polygon</type>
    <color>#15f772</color>
    <transparency>50</transparency>
    <allowed-speed>15.0</allowed-speed>
    <use-as-address>false</use-as-address>
    <enable-speed-monitoring>false</enable-speed-monitoring>
    <status>1</status>
    <geozone-root-id>1</geozone-root-id>
    <geometry type="1">
        <point x="37.388492" y="55.974303"/>
        <point x="37.388878" y="55.974348"/>
        <point x="37.389334" y="55.974408"/>
        <point x="37.389098" y="55.974876"/>
        <point x="37.38824" y="55.97475"/>
        <point x="37.388299" y="55.974624"/>
        <point x="37.388352" y="55.974471"/>
        <point x="37.388492" y="55.974303"/>
    </geometry>
</geozoneType>
