<?xml version="1.0" encoding="UTF-8" standalone="yes"?>
<geozoneType id="2329" ver="2">
    <uuid>90dd36d6-83e3-4c86-bb5e-32d0c010c05f</uuid>
    <name>200F</name>
    <type>Polygon</type>
    <color>#fdff89</color>
    <transparency>50</transparency>
    <allowed-speed>15.0</allowed-speed>
    <use-as-address>false</use-as-address>
    <enable-speed-monitoring>false</enable-speed-monitoring>
    <status>1</status>
    <geozone-root-id>1</geozone-root-id>
    <geometry type="1">
        <point x="37.387086" y="55.975332"/>
        <point x="37.387354" y="55.975131"/>
        <point x="37.387864" y="55.975341"/>
        <point x="37.38758" y="55.975521"/>
        <point x="37.387086" y="55.975332"/>
    </geometry>
</geozoneType>
