<?xml version="1.0" encoding="UTF-8" standalone="yes"?>
<geozoneType id="2331" ver="2">
    <uuid>ed0ba5f9-4270-433e-bf9c-a19ff080bb7f</uuid>
    <name>201В</name>
    <type>Polygon</type>
    <color>#fffd71</color>
    <transparency>50</transparency>
    <allowed-speed>15.0</allowed-speed>
    <use-as-address>false</use-as-address>
    <enable-speed-monitoring>false</enable-speed-monitoring>
    <status>1</status>
    <geozone-root-id>1</geozone-root-id>
    <geometry type="1">
        <point x="37.387236" y="55.974107"/>
        <point x="37.387" y="55.974576"/>
        <point x="37.387585" y="55.974657"/>
        <point x="37.38781" y="55.974191"/>
        <point x="37.387236" y="55.974107"/>
    </geometry>
</geozoneType>
