<?xml version="1.0" encoding="UTF-8" standalone="yes"?>
<geozoneType id="2332" ver="2">
    <uuid>40dca0a8-0689-432e-8ea0-06a431652baf</uuid>
    <name>202B</name>
    <type>Polygon</type>
    <color>#f6fc6b</color>
    <transparency>50</transparency>
    <allowed-speed>15.0</allowed-speed>
    <use-as-address>false</use-as-address>
    <enable-speed-monitoring>false</enable-speed-monitoring>
    <status>1</status>
    <geozone-root-id>1</geozone-root-id>
    <geometry type="1">
        <point x="37.386249" y="55.974456"/>
        <point x="37.386469" y="55.97399"/>
        <point x="37.387215" y="55.974101"/>
        <point x="37.386984" y="55.974564"/>
        <point x="37.386249" y="55.974456"/>
    </geometry>
</geozoneType>
