<?xml version="1.0" encoding="UTF-8" standalone="yes"?>
<geozoneType id="2172" ver="2">
    <uuid>29f9a35e-65d2-4972-a04b-b33a5f2d2041</uuid>
    <name>36</name>
    <type>Polygon</type>
    <color>#faef91</color>
    <transparency>50</transparency>
    <allowed-speed>15.0</allowed-speed>
    <use-as-address>false</use-as-address>
    <enable-speed-monitoring>false</enable-speed-monitoring>
    <status>1</status>
    <geozone-root-id>1</geozone-root-id>
    <geometry type="1">
        <point x="37.41092" y="55.96475"/>
        <point x="37.410389" y="55.964669"/>
        <point x="37.410733" y="55.963945"/>
        <point x="37.411366" y="55.964044"/>
        <point x="37.41092" y="55.96475"/>
    </geometry>
</geozoneType>
