<?xml version="1.0" encoding="UTF-8" standalone="yes"?>
<geozoneType id="2177" ver="2">
    <uuid>74245fa0-ff0d-4959-a313-9b1cb11672ca</uuid>
    <name>41</name>
    <type>Polygon</type>
    <color>#fdf281</color>
    <transparency>50</transparency>
    <allowed-speed>15.0</allowed-speed>
    <use-as-address>false</use-as-address>
    <enable-speed-monitoring>false</enable-speed-monitoring>
    <status>1</status>
    <geozone-root-id>1</geozone-root-id>
    <geometry type="1">
        <point x="37.413141" y="55.965693"/>
        <point x="37.412224" y="55.965777"/>
        <point x="37.412186" y="55.965957"/>
        <point x="37.412117" y="55.96611"/>
        <point x="37.413324" y="55.966146"/>
        <point x="37.413141" y="55.965693"/>
    </geometry>
</geozoneType>
