<?xml version="1.0" encoding="UTF-8" standalone="yes"?>
<geozoneType id="2181" ver="2">
    <uuid>3287b331-2841-4bed-924a-71d468506941</uuid>
    <name>45</name>
    <type>Polygon</type>
    <color>#ffee97</color>
    <transparency>50</transparency>
    <allowed-speed>15.0</allowed-speed>
    <use-as-address>false</use-as-address>
    <enable-speed-monitoring>false</enable-speed-monitoring>
    <status>1</status>
    <geozone-root-id>1</geozone-root-id>
    <geometry type="1">
        <point x="37.409858" y="55.967161"/>
        <point x="37.409998" y="55.966999"/>
        <point x="37.410073" y="55.966812"/>
        <point x="37.409158" y="55.966687"/>
        <point x="37.409071" y="55.966926"/>
        <point x="37.409093" y="55.967061"/>
        <point x="37.409858" y="55.967161"/>
    </geometry>
</geozoneType>
