<?xml version="1.0" encoding="UTF-8" standalone="yes"?>
<geozoneType id="2185" ver="2">
    <uuid>37af203f-540e-459d-872e-ac6901d4bc23</uuid>
    <name>49</name>
    <type>Polygon</type>
    <color>#fdff76</color>
    <transparency>50</transparency>
    <allowed-speed>15.0</allowed-speed>
    <use-as-address>false</use-as-address>
    <enable-speed-monitoring>false</enable-speed-monitoring>
    <status>1</status>
    <geozone-root-id>1</geozone-root-id>
    <geometry type="1">
        <point x="37.413442" y="55.966942"/>
        <point x="37.413855" y="55.966993"/>
        <point x="37.413458" y="55.96774"/>
        <point x="37.412825" y="55.96765"/>
        <point x="37.413442" y="55.966942"/>
    </geometry>
</geozoneType>
