<?xml version="1.0" encoding="UTF-8" standalone="yes"?>
<geozoneType id="2187" ver="2">
    <uuid>31e8de41-34ce-46b3-9009-9f11ce53cfb9</uuid>
    <name>51</name>
    <type>Polygon</type>
    <color>#fdf37f</color>
    <transparency>50</transparency>
    <allowed-speed>15.0</allowed-speed>
    <use-as-address>false</use-as-address>
    <enable-speed-monitoring>false</enable-speed-monitoring>
    <status>1</status>
    <geozone-root-id>1</geozone-root-id>
    <geometry type="1">
        <point x="37.414482" y="55.967866"/>
        <point x="37.415357" y="55.967998"/>
        <point x="37.415614" y="55.967227"/>
        <point x="37.414756" y="55.967104"/>
        <point x="37.414482" y="55.967866"/>
    </geometry>
</geozoneType>
