<?xml version="1.0" encoding="UTF-8" standalone="yes"?>
<geozoneType id="2188" ver="2">
    <uuid>b1419123-026e-417f-845a-a47072444ab8</uuid>
    <name>52</name>
    <type>Polygon</type>
    <color>#f6fb7d</color>
    <transparency>50</transparency>
    <allowed-speed>15.0</allowed-speed>
    <use-as-address>false</use-as-address>
    <enable-speed-monitoring>false</enable-speed-monitoring>
    <status>1</status>
    <geozone-root-id>1</geozone-root-id>
    <geometry type="1">
        <point x="37.415346" y="55.968025"/>
        <point x="37.416317" y="55.96816"/>
        <point x="37.416623" y="55.967413"/>
        <point x="37.41563" y="55.967272"/>
        <point x="37.415346" y="55.968025"/>
    </geometry>
</geozoneType>
