<?xml version="1.0" encoding="UTF-8" standalone="yes"?>
<geozoneType id="2189" ver="2">
    <uuid>ebd91c66-5596-40a0-87ec-bfcacd2ce763</uuid>
    <name>53</name>
    <type>Polygon</type>
    <color>#faf183</color>
    <transparency>50</transparency>
    <allowed-speed>15.0</allowed-speed>
    <use-as-address>false</use-as-address>
    <enable-speed-monitoring>false</enable-speed-monitoring>
    <status>1</status>
    <geozone-root-id>1</geozone-root-id>
    <geometry type="1">
        <point x="37.416338" y="55.968172"/>
        <point x="37.416644" y="55.967428"/>
        <point x="37.417159" y="55.967527"/>
        <point x="37.417143" y="55.967773"/>
        <point x="37.417374" y="55.96798"/>
        <point x="37.417545" y="55.968148"/>
        <point x="37.417679" y="55.968242"/>
        <point x="37.417374" y="55.96832"/>
        <point x="37.416338" y="55.968172"/>
    </geometry>
</geozoneType>
