<?xml version="1.0" encoding="UTF-8" standalone="yes"?>
<geozoneType id="2197" ver="2">
    <uuid>c86e8ec1-df98-4900-863e-7861c6d99432</uuid>
    <name>61</name>
    <type>Polygon</type>
    <color>#005824</color>
    <transparency>50</transparency>
    <allowed-speed>15.0</allowed-speed>
    <use-as-address>false</use-as-address>
    <enable-speed-monitoring>false</enable-speed-monitoring>
    <status>1</status>
    <geozone-root-id>1</geozone-root-id>
    <geometry type="1">
        <point x="37.421727" y="55.966095"/>
        <point x="37.422694" y="55.966248"/>
        <point x="37.422848" y="55.965879"/>
        <point x="37.422457" y="55.965806"/>
        <point x="37.421918" y="55.965726"/>
        <point x="37.42182" y="55.965896"/>
        <point x="37.421727" y="55.966095"/>
    </geometry>
</geozoneType>
