<?xml version="1.0" encoding="UTF-8" standalone="yes"?>
<geozoneType id="2211" ver="2">
    <uuid>9fb1fad8-1d74-4f70-936f-d1ce9af98693</uuid>
    <name>74</name>
    <type>Polygon</type>
    <color>#fdfd7a</color>
    <transparency>50</transparency>
    <allowed-speed>15.0</allowed-speed>
    <use-as-address>false</use-as-address>
    <enable-speed-monitoring>false</enable-speed-monitoring>
    <status>1</status>
    <geozone-root-id>1</geozone-root-id>
    <geometry type="1">
        <point x="37.432013" y="55.970547"/>
        <point x="37.432287" y="55.969985"/>
        <point x="37.431525" y="55.969868"/>
        <point x="37.431278" y="55.969985"/>
        <point x="37.431128" y="55.970298"/>
        <point x="37.431262" y="55.970439"/>
        <point x="37.432013" y="55.970547"/>
    </geometry>
</geozoneType>
