<?xml version="1.0" encoding="UTF-8" standalone="yes"?>
<geozoneType id="2212" ver="2">
    <uuid>13683b30-9c20-427b-ae8d-6ae0591dc764</uuid>
    <name>75</name>
    <type>Polygon</type>
    <color>#fff36a</color>
    <transparency>50</transparency>
    <allowed-speed>15.0</allowed-speed>
    <use-as-address>false</use-as-address>
    <enable-speed-monitoring>false</enable-speed-monitoring>
    <status>1</status>
    <geozone-root-id>1</geozone-root-id>
    <geometry type="1">
        <point x="37.432035" y="55.970553"/>
        <point x="37.432308" y="55.969989"/>
        <point x="37.432925" y="55.970082"/>
        <point x="37.432652" y="55.970646"/>
        <point x="37.432035" y="55.970553"/>
    </geometry>
</geozoneType>
