<?xml version="1.0" encoding="UTF-8" standalone="yes"?>
<geozoneType id="2223" ver="2">
    <uuid>dd88d68f-ce33-45b8-a033-7027c472253c</uuid>
    <name>85 (N) (Тест)</name>
    <type>Polygon</type>
    <color>#545800</color>
    <transparency>50</transparency>
    <allowed-speed>15.0</allowed-speed>
    <use-as-address>false</use-as-address>
    <enable-speed-monitoring>false</enable-speed-monitoring>
    <status>1</status>
    <geozone-root-id>1</geozone-root-id>
    <geometry type="1">
        <point x="37.443922" y="55.981995"/>
        <point x="37.444341" y="55.98195"/>
        <point x="37.444421" y="55.981908"/>
        <point x="37.444426" y="55.981857"/>
        <point x="37.444373" y="55.981701"/>
        <point x="37.444303" y="55.981659"/>
        <point x="37.444174" y="55.98165"/>
        <point x="37.443922" y="55.981686"/>
        <point x="37.443895" y="55.981764"/>
        <point x="37.443826" y="55.98177"/>
        <point x="37.443922" y="55.981995"/>
    </geometry>
</geozoneType>
