<?xml version="1.0" encoding="UTF-8" standalone="yes"?>
<geozoneType id="2229" ver="2">
    <uuid>f5f42a22-95db-4e9b-b4a3-1b411dd3a6a9</uuid>
    <name>85 W (Тест)</name>
    <type>Polygon</type>
    <color>#ebfc1f</color>
    <transparency>50</transparency>
    <allowed-speed>15.0</allowed-speed>
    <use-as-address>false</use-as-address>
    <enable-speed-monitoring>false</enable-speed-monitoring>
    <status>1</status>
    <geozone-root-id>1</geozone-root-id>
    <geometry type="1">
        <point x="37.445666" y="55.981578"/>
        <point x="37.445569" y="55.981362"/>
        <point x="37.445413" y="55.981299"/>
        <point x="37.44514" y="55.981326"/>
        <point x="37.445038" y="55.981425"/>
        <point x="37.445076" y="55.981566"/>
        <point x="37.445226" y="55.981584"/>
        <point x="37.445253" y="55.981629"/>
        <point x="37.445666" y="55.981578"/>
    </geometry>
</geozoneType>
