<?xml version="1.0" encoding="UTF-8" standalone="yes"?>
<geozoneType id="2234" ver="2">
    <uuid>7ba7d516-1b4c-4bc4-aeec-73486e65fffc</uuid>
    <name>85D</name>
    <type>Polygon</type>
    <color>#005824</color>
    <transparency>50</transparency>
    <allowed-speed>15.0</allowed-speed>
    <use-as-address>false</use-as-address>
    <enable-speed-monitoring>false</enable-speed-monitoring>
    <status>1</status>
    <geozone-root-id>1</geozone-root-id>
    <geometry type="1">
        <point x="37.44162" y="55.982282"/>
        <point x="37.442073" y="55.982226"/>
        <point x="37.441942" y="55.981936"/>
        <point x="37.441453" y="55.981999"/>
        <point x="37.44162" y="55.982282"/>
    </geometry>
</geozoneType>
