<?xml version="1.0" encoding="UTF-8" standalone="yes"?>
<geozoneType id="2236" ver="2">
    <uuid>03046f1f-811b-484f-bc9b-23735aef7e65</uuid>
    <name>85G</name>
    <type>Polygon</type>
    <color>#f7f03b</color>
    <transparency>50</transparency>
    <allowed-speed>15.0</allowed-speed>
    <use-as-address>false</use-as-address>
    <enable-speed-monitoring>false</enable-speed-monitoring>
    <status>1</status>
    <geozone-root-id>1</geozone-root-id>
    <geometry type="1">
        <point x="37.44257" y="55.981908"/>
        <point x="37.442656" y="55.981905"/>
        <point x="37.442683" y="55.981824"/>
        <point x="37.44293" y="55.981794"/>
        <point x="37.443101" y="55.98186"/>
        <point x="37.443155" y="55.982007"/>
        <point x="37.443032" y="55.982091"/>
        <point x="37.442672" y="55.982133"/>
        <point x="37.44257" y="55.981908"/>
    </geometry>
</geozoneType>
