<?xml version="1.0" encoding="UTF-8" standalone="yes"?>
<geozoneType id="2244" ver="2">
    <uuid>992a133c-fec5-4c2e-a6cf-082608842e8b</uuid>
    <name>89B</name>
    <type>Polygon</type>
    <color>#450058</color>
    <transparency>50</transparency>
    <allowed-speed>15.0</allowed-speed>
    <use-as-address>false</use-as-address>
    <enable-speed-monitoring>false</enable-speed-monitoring>
    <status>1</status>
    <geozone-root-id>1</geozone-root-id>
    <geometry type="1">
        <point x="37.43447" y="55.981164"/>
        <point x="37.434894" y="55.980705"/>
        <point x="37.43558" y="55.980813"/>
        <point x="37.435672" y="55.980915"/>
        <point x="37.43558" y="55.981089"/>
        <point x="37.435275" y="55.981287"/>
        <point x="37.43447" y="55.981164"/>
    </geometry>
</geozoneType>
