<?xml version="1.0" encoding="UTF-8" standalone="yes"?>
<geozoneType id="2250" ver="2">
    <uuid>99f9268f-71d8-46ce-ae21-913232be692a</uuid>
    <name>94</name>
    <type>Polygon</type>
    <color>#005824</color>
    <transparency>50</transparency>
    <allowed-speed>15.0</allowed-speed>
    <use-as-address>false</use-as-address>
    <enable-speed-monitoring>false</enable-speed-monitoring>
    <status>1</status>
    <geozone-root-id>1</geozone-root-id>
    <geometry type="1">
        <point x="37.43013" y="55.98162"/>
        <point x="37.429723" y="55.98234"/>
        <point x="37.430983" y="55.982538"/>
        <point x="37.431321" y="55.9818"/>
        <point x="37.43013" y="55.98162"/>
    </geometry>
</geozoneType>
