<?xml version="1.0" encoding="UTF-8" standalone="yes"?>
<geozoneType id="2255" ver="2">
    <uuid>efdb8992-40ae-4c53-91f3-17a88c9df952</uuid>
    <name>98A</name>
    <type>Polygon</type>
    <color>#190058</color>
    <transparency>50</transparency>
    <allowed-speed>15.0</allowed-speed>
    <use-as-address>false</use-as-address>
    <enable-speed-monitoring>false</enable-speed-monitoring>
    <status>1</status>
    <geozone-root-id>1</geozone-root-id>
    <geometry type="1">
        <point x="37.431187" y="55.980666"/>
        <point x="37.431461" y="55.980122"/>
        <point x="37.432174" y="55.980224"/>
        <point x="37.431933" y="55.980765"/>
        <point x="37.431187" y="55.980666"/>
    </geometry>
</geozoneType>
