<?xml version="1.0" encoding="UTF-8" standalone="yes"?>
<geozoneType id="2132" ver="2">
    <uuid>dc9a9f99-0bd4-4b32-913f-51f498299737</uuid>
    <name>АЗС СТК</name>
    <type>Polygon</type>
    <color>#ff837b</color>
    <transparency>50</transparency>
    <allowed-speed>60.0</allowed-speed>
    <use-as-address>false</use-as-address>
    <enable-speed-monitoring>false</enable-speed-monitoring>
    <status>1</status>
    <geozone-root-id>1</geozone-root-id>
    <geometry type="1">
        <point x="37.434019" y="55.982842"/>
        <point x="37.434422" y="55.982896"/>
        <point x="37.434368" y="55.983007"/>
        <point x="37.43396" y="55.982962"/>
        <point x="37.434019" y="55.982842"/>
    </geometry>
</geozoneType>
